{
  "VoiceEdit":{
	  "SoundName": "CarSounds",
	  "Sounds": [
		{ "ActionNo": 1, "Event": "EV6", "File": "EV6.wav", "Folder": "MODEL" },
		{ "ActionNo": 2, "Event": "EV9", "File": "EV9.wav", "Folder": "MODEL" },
		{ "ActionNo": 3, "Event": "K8", "File": "K8.wav", "Folder": "MODEL" },
		{ "ActionNo": 4, "Event": "그랜저GN7", "File": "그랜저GN7.wav", "Folder": "MODEL" },
		{ "ActionNo": 5, "Event": "넥쏘", "File": "넥쏘.wav", "Folder": "MODEL" },
		{ "ActionNo": 6, "Event": "더뉴K5", "File": "더뉴K5.wav", "Folder": "MODEL" },
		{ "ActionNo": 7, "Event": "더뉴K8", "File": "더뉴K8.wav", "Folder": "MODEL" },
		{ "ActionNo": 8, "Event": "더뉴기아레이", "File": "더뉴기아레이.wav", "Folder": "MODEL" },
		{ "ActionNo": 9, "Event": "더뉴쏘렌토MQ4", "File": "더뉴쏘렌토MQ4.wav", "Folder": "MODEL" },
		{ "ActionNo": 10, "Event": "더뉴아반떼", "File": "더뉴아반떼.wav", "Folder": "MODEL" },
		{ "ActionNo": 11, "Event": "더뉴아이오닉", "File": "더뉴아이오닉.wav", "Folder": "MODEL" },
		{ "ActionNo": 12, "Event": "더뉴카니발KA4", "File": "더뉴카니발KA4.wav", "Folder": "MODEL" },
		{ "ActionNo": 13, "Event": "더뉴투싼", "File": "더뉴투싼.wav", "Folder": "MODEL" },
		{ "ActionNo": 14, "Event": "더뉴팰리세이드", "File": "더뉴팰리세이드.wav", "Folder": "MODEL" },
		{ "ActionNo": 15, "Event": "디올뉴니로", "File": "디올뉴니로.wav", "Folder": "MODEL" },
		{ "ActionNo": 16, "Event": "베뉴", "File": "베뉴.wav", "Folder": "MODEL" },
		{ "ActionNo": 17, "Event": "셀토스", "File": "셀토스.wav", "Folder": "MODEL" },
		{ "ActionNo": 18, "Event": "스타리아", "File": "스타리아.wav", "Folder": "MODEL" },
		{ "ActionNo": 19, "Event": "스포티지NQ5", "File": "스포티지NQ5.wav", "Folder": "MODEL" },
		{ "ActionNo": 20, "Event": "싼타페MX5", "File": "싼타페MX5.wav", "Folder": "MODEL" },
		{ "ActionNo": 21, "Event": "쏘나타DN8", "File": "쏘나타DN8.wav", "Folder": "MODEL" },
		{ "ActionNo": 22, "Event": "쏘나타디엣지", "File": "쏘나타디엣지.wav", "Folder": "MODEL" },
		{ "ActionNo": 23, "Event": "쏘렌토MQ4", "File": "쏘렌토MQ4.wav", "Folder": "MODEL" },
		{ "ActionNo": 24, "Event": "카니발KA4", "File": "카니발KA4.wav", "Folder": "MODEL" },
		{ "ActionNo": 25, "Event": "캐스퍼", "File": "캐스퍼.wav", "Folder": "MODEL" },
		{ "ActionNo": 26, "Event": "코나SX2", "File": "코나SX2.wav", "Folder": "MODEL" },
		{ "ActionNo": 27, "Event": "팰리세이드", "File": "팰리세이드.wav", "Folder": "MODEL" },
		{ "ActionNo": 28, "Event": "포터", "File": "포터.wav", "Folder": "MODEL" },
		{ "ActionNo": 29, "Event": "포터EV", "File": "포터EV.wav", "Folder": "MODEL" }, 
	  ]
  }
}
