{
  "VoiceEdit":{
	  "SoundName": "SettingSounds",
	  "Sounds": [
		{ "ActionNo": 80, "Event": "설정시작", "File": "01_설정_시작합니다.wav", "Folder": "SetVoice" },
		{ "ActionNo": 81, "Event": "설정마침", "File": "02_설정_종료합니다.wav", "Folder": "SetVoice" },
		{ "ActionNo": 82, "Event": "볼륨조절", "File": "03_볼륨크기_설정합니다.wav", "Folder": "SetVoice" },
		{ "ActionNo": 83, "Event": "진동모터", "File": "04_진동모터_세기_설정합니다.wav", "Folder": "SetVoice" },
		{ "ActionNo": 84, "Event": "소리출력 온", "File": "05_음성을_출력합니다.wav", "Folder": "SetVoice" },
		{ "ActionNo": 85, "Event": "소리출력 오프", "File": "06_음성을_출력하지_않습니다.wav", "Folder": "SetVoice" },
		{ "ActionNo": 86, "Event": "자동 도어락 사용", "File": "07_자동도어_잠금기능을_사용합니다.wav", "Folder": "SetVoice" },
		{ "ActionNo": 87, "Event": "자동 도어락 사용안함", "File": "08_자동도어_잠금기능을_사용하지않습니다.wav", "Folder": "SetVoice" },
		{ "ActionNo": 88, "Event": "최소", "File": "09_최소.wav", "Folder": "SetVoice" },
		{ "ActionNo": 89, "Event": "중간", "File": "10_중간.wav", "Folder": "SetVoice" },
		{ "ActionNo": 90, "Event": "최대", "File": "11_최대.wav", "Folder": "SetVoice" },
		{ "ActionNo": 91, "Event": "예", "File": "12_예.wav", "Folder": "SetVoice" },
		{ "ActionNo": 92, "Event": "아니요", "File": "13_아니요.wav", "Folder": "SetVoice" },
		{ "ActionNo": 93, "Event": "5회 비상등", "File": "14_10초_비상등.wav", "Folder": "SetVoice" },
		{ "ActionNo": 94, "Event": "연속 비상등", "File": "15_연속_비상등.wav", "Folder": "SetVoice" },
		{ "ActionNo": 95, "Event": "사용안함", "File": "16_사용하지_않습니다.wav", "Folder": "SetVoice" },
		{ "ActionNo": 96, "Event": "변속음 안내", "File": "17_변속음_안내합니다.wav", "Folder": "SetVoice" },
		{ "ActionNo": 97, "Event": "변속음 미안내", "File": "18_변속음_안내하지_않습니다.wav", "Folder": "SetVoice" },
		{ "ActionNo": 128, "Event": "테스트시작", "File": "20_장착_연결_테스트_시작합니다.wav", "Folder": "SetVoice" },
		{ "ActionNo": 129, "Event": "테스트종료", "File": "21_테스트_종료합니다.wav", "Folder": "SetVoice" },
		{ "ActionNo": 130, "Event": "다음버튼", "File": "22_도어락_버튼을_눌러주세요.wav", "Folder": "SetVoice" },
		{ "ActionNo": 131, "Event": "B CAN", "File": "23_B_CAN.wav", "Folder": "SetVoice" },
		{ "ActionNo": 132, "Event": "M CAN", "File": "24_M_CAN.wav", "Folder": "SetVoice" },
		{ "ActionNo": 133, "Event": "B2 CAN", "File": "25_B2_CAN.wav", "Folder": "SetVoice" },
		{ "ActionNo": 134, "Event": "하이선", "File": "26_하이선이.wav", "Folder": "SetVoice" },
		{ "ActionNo": 135, "Event": "로우선", "File": "27_로우선이.wav", "Folder": "SetVoice" },
		{ "ActionNo": 136, "Event": "연결정상", "File": "28_연결_정상입니다.wav", "Folder": "SetVoice" },
		{ "ActionNo": 137, "Event": "연결오류", "File": "29_연결이_잘못되었습니다.wav", "Folder": "SetVoice" },
		{ "ActionNo": 138, "Event": "확인필요", "File": "30_확인이_필요합니다.wav", "Folder": "SetVoice" },
		{ "ActionNo": 139, "Event": "CAN선아님", "File": "31_CAN_신호선이_아닙니다.wav", "Folder": "SetVoice" },
		{ "ActionNo": 140, "Event": "극성반대", "File": "32_극성이_반대로_연결되었습니다.wav", "Folder": "SetVoice" },
		{ "ActionNo": 141, "Event": "데이터오류", "File": "33_데이터가_아닙니다.wav", "Folder": "SetVoice" },
		{ "ActionNo": 142, "Event": "위치확인", "File": "34_연결위치를_확인해주세요.wav", "Folder": "SetVoice" },
		{ "ActionNo": 143, "Event": "연결위치예상", "File": "35_에_연결된_것_같습니다.wav", "Folder": "SetVoice" },
		{ "ActionNo": 144, "Event": "CAN모든연결정상", "File": "36_CAN_연결은_모두_정상입니다.wav", "Folder": "SetVoice" },
		{ "ActionNo": 145, "Event": "CAN모든연결오류", "File": "37_CAN_연결이_잘못되었습니다.wav", "Folder": "SetVoice" },
		{ "ActionNo": 146, "Event": "다시확인", "File": "38_다시_확인해주세요.wav", "Folder": "SetVoice" },
		{ "ActionNo": 147, "Event": "출력선테스트진행", "File": "39_그래도_출력선_테스트_진행할려면.wav", "Folder": "SetVoice" },
		{ "ActionNo": 148, "Event": "미사용", "File": "40_사용하지_않습니다.wav", "Folder": "SetVoice" },
		{ "ActionNo": 149, "Event": "출력선 테스트 시작", "File": "41_출력선_테스트_시작합니다.wav", "Folder": "SetVoice" },
		{ "ActionNo": 150, "Event": "비상등", "File": "42_비상등.wav", "Folder": "SetVoice" },
		{ "ActionNo": 151, "Event": "오토홀드", "File": "43_오토홀드.wav", "Folder": "SetVoice" },
		{ "ActionNo": 152, "Event": "SVM", "File": "44_SVM.wav", "Folder": "SetVoice" },
		{ "ActionNo": 153, "Event": "LFA", "File": "45_LFA.wav", "Folder": "SetVoice" },
		{ "ActionNo": 154, "Event": "ISG", "File": "46_ISG.wav", "Folder": "SetVoice" },
		{ "ActionNo": 155, "Event": "상태변경", "File": "47_상태를_변경합니다.wav", "Folder": "SetVoice" },
		{ "ActionNo": 156, "Event": "확인", "File": "48_확인해주세요.wav", "Folder": "SetVoice" },
		{ "ActionNo": 157, "Event": "다음단계", "File": "49_다음_단계_진행하실려면.wav", "Folder": "SetVoice" },
		{ "ActionNo": 158, "Event": "진동출력 약", "File": "50_진동세기_약하게.wav", "Folder": "SetVoice" },
		{ "ActionNo": 159, "Event": "진동출력 중", "File": "51_진동세기_중간으로.wav", "Folder": "SetVoice" },
		{ "ActionNo": 160, "Event": "진동출력 강", "File": "52_진동세기_강하게.wav", "Folder": "SetVoice" },
		{ "ActionNo": 161, "Event": "출력", "File": "53_출력합니다.wav", "Folder": "SetVoice" }
	  ]
  }
}
