{
	"VoiceEdit":{
	  "SoundName": "캐스퍼",
		  "Sounds": [
			{ "ActionNo": 1, "Event": "운전 시작", "File": "01_안전 운전하세요.wav", "Folder": "myVoice여" },
			{ "ActionNo": 2, "Event": "운전 마침", "File": "02_즐거운 하루되세요.wav", "Folder": "myVoice여" },
			{ "ActionNo": 3, "Event": "기어_P", "File": "03_파킹 상태입니다.wav", "Folder": "myVoice여" },
			{ "ActionNo": 4, "Event": "기어_R", "File": "04_후진상태 입니다.wav", "Folder": "myVoice여" },
			{ "ActionNo": 5, "Event": "기어_N", "File": "05_중립 상태입니다.wav", "Folder": "myVoice여" },
			{ "ActionNo": 6, "Event": "기어_D", "File": "06_주행 상태입니다.wav", "Folder": "myVoice여" },
			{ "ActionNo": 16, "Event": "오토홀드 온",  "File": "07_오토 홀드 상태입니다.wav", "Folder": "myVoice여" },
			{ "ActionNo": 17, "Event": "오토홀드 오프", "File": "08_오토홀드 오프 상태입니다.wav", "Folder": "myVoice여" },
			{ "ActionNo": 38, "Event": "좌측 차량접근 알람",  "File": "20_좌측에 차량이 있습니다.wav", "Folder": "myVoice여" },
			{ "ActionNo": 39, "Event": "우측 차량접근 알람", "File": "21_우측에 차량이 있습니다.wav", "Folder": "myVoice여" },
			{ "ActionNo": 80, "Event": "블루투스 연결 알람",  "File": "80_멀티픽 연결되었습니다.wav", "Folder": "myVoice여" },
			{ "ActionNo": 81, "Event": "블루투스 연결 해제 알람",  "File": "81_멀티픽 연결이 해제되었습니다.wav", "Folder": "myVoice여" }
		  ]
		
	}
}
