{
  "Function": {
    "음성출력": 비상등 5회,
    "소리크기": 70,
    "진동세기": 70,
    "변속음성": 1,
    "자동도어락": 1,
    "후진알람": 50,
	"후진알람_동작선택": "비상등 5회",
    "이열문비상등": 5,
    "승차시음성": 1,
    "하차시음성": 1,
    "과속진동알람": 1,
    "과속음성알람": 1,
    "근접차량진동알람": 1,
    "근접차량음성알람": 1,
    "SVM": 1,
    "오토홀드": 1,
    "ISG": 1,
    "LFA": 1,
    "사이드브레이크알람": 0,
    "지능형전조등": 0,
    "비밀번호기능": 1,
    "웰컴도어": 1
  }
}
