{
  "Function": {
    "음성출력": "ON",
    "소리크기": "중간",
    "진동세기": "중",
    "변속음성": "255",
    "자동도어락": "ON",
    "후진알람": "ON",
	"후진알람_동작선택": "비상등 5회",
    "이열문비상등": "ON",
    "승차시음성": "ON",
    "하차시음성": "ON",
    "과속진동알람": "ON",
    "과속음성알람": "ON",
    "근접차량진동알람": "ON",
    "근접차량음성알람": "ON",
    "SVM": "ON",
    "오토홀드": "ON",
    "ISG": "ON",
    "LFA": "ON",
    "사이드브레이크알람": "OFF",
    "지능형전조등": "OFF",
    "비밀번호기능": "ON",
    "웰컴도어": "ON",
    "차선변경알람": "OFF"
  }
}
