{
	"VoiceEdit":{
	  "SoundName": "SetVoice",
		  "Sounds": [		
			{ "ActionNo": 42, "Event": "주차 브레이크 확인하세요",  "File": "42_주차 브레이크 확인하세요.wav", "Folder": "SetVoice" },
			{ "ActionNo": 80, "Event": "멀티픽 연결 알람",  "File": "80_멀티픽 연결되었습니다.wav", "Folder": "SetVoice" },
			{ "ActionNo": 81, "Event": "멀티픽 연결 해제 알람",  "File": "81_멀티픽 연결이 해제되었습니다.wav", "Folder": "SetVoice" },		
			{ "ActionNo": 82, "Event": "멀티픽 차량 등록",  "File": "82_등록되지 않은 차량입니다.wav", "Folder": "SetVoice" },		
			{ "ActionNo": 98, "Event": "운전석",  "File": "98_운전석.wav", "Folder": "SetVoice" },
			{ "ActionNo": 99, "Event": "운전석 뒤쪽",  "File": "99_운전석_뒤쪽.wav", "Folder": "SetVoice" },
			{ "ActionNo": 100, "Event": "조수석",  "File": "100_조수석.wav", "Folder": "SetVoice" },
			{ "ActionNo": 101, "Event": "조수석 뒤쪽",  "File": "101_조수석_뒤쪽.wav", "Folder": "SetVoice" },
			{ "ActionNo": 102, "Event": "트렁크",  "File": "102_트렁크.wav", "Folder": "SetVoice" },			
			{ "ActionNo": 103, "Event": "문이 열렸습니다",  "File": "103_문이_열렸습니다.wav", "Folder": "SetVoice" },			
			{ "ActionNo": 112, "Event": "악셀 패달을 밝고 있습니다",  "File": "112_악셀 패달을 밝고 있습니다.wav", "Folder": "SetVoice" },			
			{ "ActionNo": 113, "Event": "악셀 패달이 계속 눌려있습니다",  "File": "113_악셀 패달이 계속 눌려있습니다.wav", "Folder": "SetVoice" }			
		  ]		
	}
}
